<?xml version="1.0" encoding="UTF-8"?>
<project xmlns="http://maven.apache.org/POM/4.0.0" xmlns:xsi="http://www.w3.org/2001/XMLSchema-instance" xsi:schemaLocation="http://maven.apache.org/POM/4.0.0 http://maven.apache.org/maven-v4_0_0.xsd">
  <parent>
    <artifactId>openjpa-parent</artifactId>
    <groupId>org.apache.openjpa</groupId>
    <version>3.1.3-SNAPSHOT</version>
  </parent>
  <modelVersion>4.0.0</modelVersion>
  <artifactId>openjpa-all</artifactId>
  <name>OpenJPA Aggregate Jar with Dependencies</name>
  <build>
    <plugins>
      <plugin>
        <artifactId>maven-javadoc-plugin</artifactId>
        <configuration>
          <skip>true</skip>
        </configuration>
      </plugin>
      <plugin>
        <artifactId>maven-source-plugin</artifactId>
        <configuration>
          <attach>false</attach>
        </configuration>
      </plugin>
      <plugin>
        <artifactId>maven-jar-plugin</artifactId>
        <executions>
          <execution>
            <phase>none</phase>
          </execution>
        </executions>
      </plugin>
      <plugin>
        <artifactId>maven-shade-plugin</artifactId>
        <executions>
          <execution>
            <phase>package</phase>
            <goals>
              <goal>shade</goal>
            </goals>
            <configuration>
              <createDependencyReducedPom>true</createDependencyReducedPom>
              <createSourcesJar>${createSources}</createSourcesJar>
              <keepDependenciesWithProvidedScope>true</keepDependenciesWithProvidedScope>
              <promoteTransitiveDependencies>true</promoteTransitiveDependencies>
              <transformers>
                <transformer />
                <transformer>
                  <manifestEntries>
                    <Main-Class>org.apache.openjpa.conf.OpenJPAVersion</Main-Class>
                    <Premain-Class>org.apache.openjpa.enhance.PCEnhancerAgent</Premain-Class>
                    <Agent-Class>org.apache.openjpa.enhance.InstrumentationFactory</Agent-Class>
                    <Can-Redefine-Classes>true</Can-Redefine-Classes>
                    <Can-Retransform-Classes>true</Can-Retransform-Classes>
                    <Implementation-Title>Apache OpenJPA Aggregate JAR with dependencies</Implementation-Title>
                    <Specification-Title>JSR-317 Java Persistence</Specification-Title>
                    <Specification-Vendor>Sun Microsystems, Inc.</Specification-Vendor>
                    <Specification-Version>2.0</Specification-Version>
                  </manifestEntries>
                </transformer>
              </transformers>
            </configuration>
          </execution>
        </executions>
      </plugin>
    </plugins>
  </build>
  <dependencies>
    <dependency>
      <groupId>org.apache.openjpa</groupId>
      <artifactId>openjpa</artifactId>
      <version>3.1.3-SNAPSHOT</version>
      <scope>provided</scope>
    </dependency>
    <dependency>
      <groupId>org.apache.openjpa</groupId>
      <artifactId>openjpa-lib</artifactId>
      <version>3.1.3-SNAPSHOT</version>
      <scope>provided</scope>
    </dependency>
    <dependency>
      <groupId>org.apache.commons</groupId>
      <artifactId>commons-collections4</artifactId>
      <version>4.4</version>
      <scope>provided</scope>
    </dependency>
    <dependency>
      <groupId>net.sourceforge.serp</groupId>
      <artifactId>serp</artifactId>
      <version>1.15.1</version>
      <scope>provided</scope>
    </dependency>
    <dependency>
      <groupId>org.apache.openjpa</groupId>
      <artifactId>openjpa-kernel</artifactId>
      <version>3.1.3-SNAPSHOT</version>
      <scope>provided</scope>
    </dependency>
    <dependency>
      <groupId>org.apache.geronimo.specs</groupId>
      <artifactId>geronimo-jms_1.1_spec</artifactId>
      <version>1.1.1</version>
      <scope>provided</scope>
    </dependency>
    <dependency>
      <groupId>org.apache.geronimo.specs</groupId>
      <artifactId>geronimo-jta_1.1_spec</artifactId>
      <version>1.1.1</version>
      <scope>provided</scope>
    </dependency>
    <dependency>
      <groupId>org.apache.xbean</groupId>
      <artifactId>xbean-asm8-shaded</artifactId>
      <version>4.17</version>
      <scope>provided</scope>
    </dependency>
    <dependency>
      <groupId>org.apache.openjpa</groupId>
      <artifactId>openjpa-jdbc</artifactId>
      <version>3.1.3-SNAPSHOT</version>
      <scope>provided</scope>
    </dependency>
    <dependency>
      <groupId>org.apache.openjpa</groupId>
      <artifactId>openjpa-persistence</artifactId>
      <version>3.1.3-SNAPSHOT</version>
      <scope>provided</scope>
    </dependency>
    <dependency>
      <groupId>org.apache.geronimo.specs</groupId>
      <artifactId>geronimo-jpa_2.2_spec</artifactId>
      <version>1.1</version>
      <scope>provided</scope>
    </dependency>
    <dependency>
      <groupId>org.apache.openjpa</groupId>
      <artifactId>openjpa-persistence-jdbc</artifactId>
      <version>3.1.3-SNAPSHOT</version>
      <scope>provided</scope>
    </dependency>
    <dependency>
      <groupId>org.apache.openjpa</groupId>
      <artifactId>openjpa-xmlstore</artifactId>
      <version>3.1.3-SNAPSHOT</version>
      <scope>provided</scope>
    </dependency>
    <dependency>
      <groupId>org.apache.openjpa</groupId>
      <artifactId>openjpa-slice</artifactId>
      <version>3.1.3-SNAPSHOT</version>
      <scope>provided</scope>
    </dependency>
    <dependency>
      <groupId>commons-logging</groupId>
      <artifactId>commons-logging</artifactId>
      <version>1.2</version>
      <scope>provided</scope>
    </dependency>
    <dependency>
      <groupId>org.apache.commons</groupId>
      <artifactId>commons-dbcp2</artifactId>
      <version>2.7.0</version>
      <scope>provided</scope>
    </dependency>
    <dependency>
      <groupId>org.apache.commons</groupId>
      <artifactId>commons-pool2</artifactId>
      <version>2.6.0</version>
      <scope>provided</scope>
    </dependency>
    <dependency>
      <groupId>org.apache.geronimo.specs</groupId>
      <artifactId>geronimo-validation_1.1_spec</artifactId>
      <version>1.0</version>
      <scope>provided</scope>
    </dependency>
    <dependency>
      <groupId>org.apache.bval</groupId>
      <artifactId>org.apache.bval.bundle</artifactId>
      <version>1.1.2</version>
      <scope>provided</scope>
    </dependency>
  </dependencies>
  <properties>
    <automatic-module-name>org.apache.openjpa.all</automatic-module-name>
  </properties>
</project>
