<?xml version="1.0" encoding="UTF-8"?>
<project xmlns="http://maven.apache.org/POM/4.0.0" xmlns:xsi="http://www.w3.org/2001/XMLSchema-instance" xsi:schemaLocation="http://maven.apache.org/POM/4.0.0 http://maven.apache.org/maven-v4_0_0.xsd">
  <parent>
    <artifactId>openjpa-parent</artifactId>
    <groupId>org.apache.openjpa</groupId>
    <version>3.1.3-SNAPSHOT</version>
  </parent>
  <modelVersion>4.0.0</modelVersion>
  <artifactId>openjpa</artifactId>
  <packaging>bundle</packaging>
  <name>OpenJPA Aggregate Jar</name>
  <build>
    <plugins>
      <plugin>
        <artifactId>maven-javadoc-plugin</artifactId>
        <configuration>
          <skip>true</skip>
        </configuration>
      </plugin>
      <plugin>
        <artifactId>maven-source-plugin</artifactId>
        <configuration>
          <attach>false</attach>
        </configuration>
      </plugin>
      <plugin>
        <artifactId>maven-shade-plugin</artifactId>
        <executions>
          <execution>
            <id>shade-all</id>
            <phase>package</phase>
            <goals>
              <goal>shade</goal>
            </goals>
            <configuration>
              <createDependencyReducedPom>true</createDependencyReducedPom>
              <createSourcesJar>${createSources}</createSourcesJar>
              <keepDependenciesWithProvidedScope>true</keepDependenciesWithProvidedScope>
              <promoteTransitiveDependencies>true</promoteTransitiveDependencies>
              <artifactSet>
                <includes>
                  <include>org.apache.openjpa:openjpa-lib</include>
                  <include>org.apache.openjpa:openjpa-kernel</include>
                  <include>org.apache.openjpa:openjpa-jdbc</include>
                  <include>org.apache.openjpa:openjpa-persistence</include>
                  <include>org.apache.openjpa:openjpa-persistence-jdbc</include>
                  <include>org.apache.openjpa:openjpa-xmlstore</include>
                  <include>org.apache.openjpa:openjpa-slice</include>
                </includes>
              </artifactSet>
              <transformers>
                <transformer />
              </transformers>
            </configuration>
          </execution>
          <execution>
            <id>shade-jakarta</id>
            <phase>package</phase>
            <goals>
              <goal>shade</goal>
            </goals>
            <configuration>
              <shadedArtifactAttached>true</shadedArtifactAttached>
              <shadedClassifierName>jakarta</shadedClassifierName>
              <createDependencyReducedPom>false</createDependencyReducedPom>
              <createSourcesJar>${createSources}</createSourcesJar>
              <transformers>
                <transformer />
              </transformers>
              <artifactSet>
                <includes>
                  <include>org.apache.openjpa:openjpa-lib</include>
                  <include>org.apache.openjpa:openjpa-kernel</include>
                  <include>org.apache.openjpa:openjpa-jdbc</include>
                  <include>org.apache.openjpa:openjpa-persistence</include>
                  <include>org.apache.openjpa:openjpa-persistence-jdbc</include>
                  <include>org.apache.openjpa:openjpa-xmlstore</include>
                  <include>org.apache.openjpa:openjpa-slice</include>
                </includes>
              </artifactSet>
              <relocations>
                <relocation>
                  <pattern>javax.annotation</pattern>
                  <shadedPattern>jakarta.annotation</shadedPattern>
                </relocation>
                <relocation>
                  <pattern>javax.el</pattern>
                  <shadedPattern>jakarta.el</shadedPattern>
                </relocation>
                <relocation>
                  <pattern>javax.enterprise</pattern>
                  <shadedPattern>jakarta.enterprise</shadedPattern>
                </relocation>
                <relocation>
                  <pattern>javax.decorator</pattern>
                  <shadedPattern>jakarta.decorator</shadedPattern>
                </relocation>
                <relocation>
                  <pattern>javax.inject</pattern>
                  <shadedPattern>jakarta.inject</shadedPattern>
                </relocation>
                <relocation>
                  <pattern>javax.interceptor</pattern>
                  <shadedPattern>jakarta.interceptor</shadedPattern>
                </relocation>
                <relocation>
                  <pattern>javax.servlet</pattern>
                  <shadedPattern>jakarta.servlet</shadedPattern>
                </relocation>
                <relocation>
                  <pattern>javax.transaction</pattern>
                  <shadedPattern>jakarta.transaction</shadedPattern>
                </relocation>
                <relocation>
                  <pattern>javax.validation</pattern>
                  <shadedPattern>jakarta.validation</shadedPattern>
                </relocation>
                <relocation>
                  <pattern>javax.persistence</pattern>
                  <shadedPattern>jakarta.persistence</shadedPattern>
                </relocation>
                <relocation>
                  <pattern>javax.faces</pattern>
                  <shadedPattern>jakarta.faces</shadedPattern>
                </relocation>
                <relocation>
                  <pattern>javax.ejb</pattern>
                  <shadedPattern>jakarta.ejb</shadedPattern>
                </relocation>
                <relocation>
                  <pattern>javax.jms</pattern>
                  <shadedPattern>jakarta.jms</shadedPattern>
                </relocation>
                <relocation>
                  <pattern>javax.transaction</pattern>
                  <shadedPattern>jakarta.transaction</shadedPattern>
                </relocation>
              </relocations>
            </configuration>
          </execution>
        </executions>
      </plugin>
      <plugin>
        <groupId>org.apache.felix</groupId>
        <artifactId>maven-bundle-plugin</artifactId>
        <extensions>true</extensions>
        <configuration>
          <instructions>
            <Main-Class>org.apache.openjpa.conf.OpenJPAVersion</Main-Class>
            <Premain-Class>org.apache.openjpa.enhance.PCEnhancerAgent</Premain-Class>
            <Agent-Class>org.apache.openjpa.enhance.InstrumentationFactory</Agent-Class>
            <Can-Redefine-Classes>true</Can-Redefine-Classes>
            <Can-Retransform-Classes>true</Can-Retransform-Classes>
            <Specification-Title>JSR-317 Java Persistence</Specification-Title>
            <Specification-Vendor>Sun Microsystems, Inc.</Specification-Vendor>
            <Specification-Version>2.0</Specification-Version>
            <Bundle-DocURL>${project.url}</Bundle-DocURL>
            <Bundle-Activator>org.apache.openjpa.persistence.osgi.PersistenceActivator</Bundle-Activator>
            <Private-Package />
            <Export-Package>org.apache.openjpa.*;version=${project.version}</Export-Package>
            <Import-Package>oracle.jdbc.pool;resolution:=optional,
                            oracle.jdbc;resolution:=optional,
                            oracle.sql;resolution:=optional,
                            com.ibm.*;resolution:=optional,
                            org.postgresql.*;resolution:=optional,
                            org.apache.tools.ant.*;resolution:=optional,
                            org.apache.log4j.*;resolution:=optional,
                            org.slf4j.*;resolution:=optional,
                            org.apache.commons.logging.*;resolution:=optional,
                            javax.activation.xa*;resolution:=optional,
                            javax.jms.*;version="[1.1.0,1.2)";resolution:=optional,
                            javax.transaction.*;version="[1.1,1.3)";resolution:=optional,
                            javax.validation.*;version="[1.0.0,1.1)";resolution:=optional,
                            javax.xml.bind.*;resolution:=optional,
                            serp.*;resolution:=optional,
                            org.apache.commons.dbcp2.*;resolution:=optional,
                            org.apache.commons.pool2.*;resolution:=optional,
                            javax.persistence.*;version="[1.1.0,2.2)",
                            *</Import-Package>
          </instructions>
        </configuration>
      </plugin>
    </plugins>
  </build>
  <dependencies>
    <dependency>
      <groupId>org.apache.openjpa</groupId>
      <artifactId>openjpa-lib</artifactId>
      <version>3.1.3-SNAPSHOT</version>
      <scope>provided</scope>
    </dependency>
    <dependency>
      <groupId>org.apache.commons</groupId>
      <artifactId>commons-collections4</artifactId>
      <version>4.4</version>
      <scope>compile</scope>
    </dependency>
    <dependency>
      <groupId>net.sourceforge.serp</groupId>
      <artifactId>serp</artifactId>
      <version>1.15.1</version>
      <scope>compile</scope>
    </dependency>
    <dependency>
      <groupId>org.apache.openjpa</groupId>
      <artifactId>openjpa-kernel</artifactId>
      <version>3.1.3-SNAPSHOT</version>
      <scope>provided</scope>
    </dependency>
    <dependency>
      <groupId>org.apache.geronimo.specs</groupId>
      <artifactId>geronimo-jms_1.1_spec</artifactId>
      <version>1.1.1</version>
      <scope>compile</scope>
    </dependency>
    <dependency>
      <groupId>org.apache.geronimo.specs</groupId>
      <artifactId>geronimo-jta_1.1_spec</artifactId>
      <version>1.1.1</version>
      <scope>compile</scope>
    </dependency>
    <dependency>
      <groupId>org.apache.commons</groupId>
      <artifactId>commons-pool2</artifactId>
      <version>2.6.0</version>
      <scope>compile</scope>
    </dependency>
    <dependency>
      <groupId>org.apache.xbean</groupId>
      <artifactId>xbean-asm8-shaded</artifactId>
      <version>4.17</version>
      <scope>compile</scope>
    </dependency>
    <dependency>
      <groupId>org.apache.openjpa</groupId>
      <artifactId>openjpa-jdbc</artifactId>
      <version>3.1.3-SNAPSHOT</version>
      <scope>provided</scope>
    </dependency>
    <dependency>
      <groupId>javax.xml.bind</groupId>
      <artifactId>jaxb-api</artifactId>
      <version>2.2.1</version>
      <scope>compile</scope>
      <exclusions>
        <exclusion>
          <artifactId>activation</artifactId>
          <groupId>javax.activation</groupId>
        </exclusion>
      </exclusions>
      <optional>true</optional>
    </dependency>
    <dependency>
      <groupId>javax.xml.stream</groupId>
      <artifactId>stax-api</artifactId>
      <version>1.0-2</version>
      <scope>compile</scope>
      <optional>true</optional>
    </dependency>
    <dependency>
      <groupId>com.sun.xml.bind</groupId>
      <artifactId>jaxb-impl</artifactId>
      <version>2.2.1</version>
      <scope>compile</scope>
      <optional>true</optional>
    </dependency>
    <dependency>
      <groupId>org.apache.openjpa</groupId>
      <artifactId>openjpa-persistence</artifactId>
      <version>3.1.3-SNAPSHOT</version>
      <scope>provided</scope>
    </dependency>
    <dependency>
      <groupId>org.apache.geronimo.specs</groupId>
      <artifactId>geronimo-jpa_2.2_spec</artifactId>
      <version>1.1</version>
      <scope>compile</scope>
    </dependency>
    <dependency>
      <groupId>org.apache.openjpa</groupId>
      <artifactId>openjpa-persistence-jdbc</artifactId>
      <version>3.1.3-SNAPSHOT</version>
      <scope>provided</scope>
    </dependency>
    <dependency>
      <groupId>org.apache.openjpa</groupId>
      <artifactId>openjpa-xmlstore</artifactId>
      <version>3.1.3-SNAPSHOT</version>
      <scope>provided</scope>
    </dependency>
    <dependency>
      <groupId>org.apache.openjpa</groupId>
      <artifactId>openjpa-slice</artifactId>
      <version>3.1.3-SNAPSHOT</version>
      <scope>provided</scope>
    </dependency>
  </dependencies>
</project>
