<?xml version="1.0" encoding="UTF-8"?>
<project xmlns="http://maven.apache.org/POM/4.0.0" xmlns:xsi="http://www.w3.org/2001/XMLSchema-instance" xsi:schemaLocation="http://maven.apache.org/POM/4.0.0 http://maven.apache.org/maven-v4_0_0.xsd">
  <parent>
    <artifactId>openjpa-tools</artifactId>
    <groupId>org.apache.openjpa</groupId>
    <version>3.1.3-SNAPSHOT</version>
  </parent>
  <modelVersion>4.0.0</modelVersion>
  <artifactId>openjpa-fetch-statistics-was</artifactId>
  <name>OpenJPA Fetching Statistic Tool -- WAS Bundle</name>
  <description>OpenJPA tool to capture the fetching statistic data for the persistent fields .</description>
  <inceptionYear>2012</inceptionYear>
  <licenses>
    <license>
      <name>Apache License 2.0</name>
      <url>http://www.apache.org/licenses/LICENSE-2.0.txt</url>
      <distribution>repo</distribution>
    </license>
  </licenses>
  <build>
    <plugins>
      <plugin>
        <artifactId>maven-jar-plugin</artifactId>
        <executions>
          <execution>
            <phase>none</phase>
          </execution>
        </executions>
      </plugin>
      <plugin>
        <artifactId>maven-javadoc-plugin</artifactId>
        <configuration>
          <skip>true</skip>
        </configuration>
      </plugin>
      <plugin>
        <artifactId>maven-surefire-plugin</artifactId>
        <configuration>
          <argLine>${surefire.jvm.args}</argLine>
          <excludes>
            <exclude>org/apache/openjpa/enhance/stats/TestFetchStatistics.java</exclude>
          </excludes>
        </configuration>
      </plugin>
      <plugin>
        <artifactId>maven-shade-plugin</artifactId>
        <executions>
          <execution>
            <phase>package</phase>
            <goals>
              <goal>shade</goal>
            </goals>
            <configuration>
              <artifactSet>
                <includes>
                  <include>org.apache.openjpa:*statistics</include>
                </includes>
              </artifactSet>
              <transformers>
                <transformer>
                  <manifestEntries>
                    <Fragment-Host>com.ibm.ws.jpa; bundle-version=8.0.0</Fragment-Host>
                    <Export-Package>org.apache.openjpa.enhance.stats</Export-Package>
                    <Bundle-SymbolicName>org.apache.openjpa.enhance.stats; singleton:=true</Bundle-SymbolicName>
                    <Bundle-Name>FetchStatisticsAuxEnhancer</Bundle-Name>
                  </manifestEntries>
                </transformer>
              </transformers>
            </configuration>
          </execution>
        </executions>
      </plugin>
    </plugins>
  </build>
  <dependencies>
    <dependency>
      <groupId>junit</groupId>
      <artifactId>junit</artifactId>
      <version>4.12</version>
      <scope>test</scope>
      <exclusions>
        <exclusion>
          <artifactId>hamcrest-core</artifactId>
          <groupId>org.hamcrest</groupId>
        </exclusion>
      </exclusions>
    </dependency>
    <dependency>
      <groupId>org.apache.commons</groupId>
      <artifactId>commons-dbcp2</artifactId>
      <version>2.7.0</version>
      <scope>test</scope>
      <exclusions>
        <exclusion>
          <artifactId>commons-logging</artifactId>
          <groupId>commons-logging</groupId>
        </exclusion>
      </exclusions>
    </dependency>
    <dependency>
      <groupId>org.mockito</groupId>
      <artifactId>mockito-core</artifactId>
      <version>3.0.0</version>
      <scope>test</scope>
      <exclusions>
        <exclusion>
          <artifactId>byte-buddy</artifactId>
          <groupId>net.bytebuddy</groupId>
        </exclusion>
        <exclusion>
          <artifactId>byte-buddy-agent</artifactId>
          <groupId>net.bytebuddy</groupId>
        </exclusion>
        <exclusion>
          <artifactId>objenesis</artifactId>
          <groupId>org.objenesis</groupId>
        </exclusion>
      </exclusions>
    </dependency>
    <dependency>
      <groupId>org.powermock</groupId>
      <artifactId>powermock-api-mockito2</artifactId>
      <version>2.0.2</version>
      <scope>test</scope>
      <exclusions>
        <exclusion>
          <artifactId>powermock-api-support</artifactId>
          <groupId>org.powermock</groupId>
        </exclusion>
      </exclusions>
    </dependency>
    <dependency>
      <groupId>org.powermock</groupId>
      <artifactId>powermock-module-junit4</artifactId>
      <version>2.0.2</version>
      <scope>test</scope>
      <exclusions>
        <exclusion>
          <artifactId>powermock-module-junit4-common</artifactId>
          <groupId>org.powermock</groupId>
        </exclusion>
        <exclusion>
          <artifactId>hamcrest-core</artifactId>
          <groupId>org.hamcrest</groupId>
        </exclusion>
      </exclusions>
    </dependency>
  </dependencies>
  <properties>
    <automatic-module-name>org.apache.openjpa.tools.statistics.was</automatic-module-name>
    <checkstyle.suppressions.location>${project.basedir}${file.separator}..${file.separator}..${file.separator}openjpa-project${file.separator}suppressions.xml</checkstyle.suppressions.location>
  </properties>
</project>
