<?xml version="1.0" encoding="UTF-8"?>
<!--
 Licensed to the Apache Software Foundation (ASF) under one
 or more contributor license agreements.  See the NOTICE file
 distributed with this work for additional information
 regarding copyright ownership.  The ASF licenses this file
 to you under the Apache License, Version 2.0 (the
 "License"); you may not use this file except in compliance
 with the License.  You may obtain a copy of the License at

 http://www.apache.org/licenses/LICENSE-2.0

 Unless required by applicable law or agreed to in writing,
 software distributed under the License is distributed on an
 "AS IS" BASIS, WITHOUT WARRANTIES OR CONDITIONS OF ANY
 KIND, either express or implied.  See the License for the
 specific language governing permissions and limitations
 under the License.
-->
<chapter id="jpa_overview_conclusion">
    <title>
        Conclusion
    </title>
    <para>
This concludes our overview of the JPA specification.
<!--
### TUTORIAL
The <link linkend="jpa_tutorials_intro">OpenJPA Tutorials</link> continue your
JPA education with step-by-step instructions for building simple JPA
applications.
-->
The <link linkend="ref_guide_intro">OpenJPA Reference Guide</link>
contains detailed documentation on all aspects of the OpenJPA implementation
and core development tools.
    </para>
</chapter>
